{
    "results": {
        "mc_taco": {
            "em": 0.12462462462462462,
            "f1": 0.5016636994040179
        },
        "mathqa": {
            "acc": 0.2629815745393635,
            "acc_stderr": 0.008059394672720415,
            "acc_norm": 0.2639865996649916,
            "acc_norm_stderr": 0.008069272694433298
        },
        "multirc": {
            "acc": 0.014690451206715634,
            "acc_stderr": 0.003899289130707259
        },
        "mrpc": {
            "acc": 0.47549019607843135,
            "acc_stderr": 0.024754284840506468,
            "f1": 0.5,
            "f1_stderr": 0.029682593695340015
        },
        "arc_challenge": {
            "acc": 0.4035836177474403,
            "acc_stderr": 0.014337158914268447,
            "acc_norm": 0.44112627986348124,
            "acc_norm_stderr": 0.014509747749064664
        },
        "copa": {
            "acc": 0.88,
            "acc_stderr": 0.03265986323710906
        },
        "lambada": {
            "ppl": 3.014997514225657,
            "ppl_stderr": 0.05523979569446919,
            "acc": 0.746749466330293,
            "acc_stderr": 0.006058634002437447
        },
        "hellaswag": {
            "acc": 0.5932085241983669,
            "acc_stderr": 0.0049023140557255965,
            "acc_norm": 0.7848038239394542,
            "acc_norm_stderr": 0.004101184870964189
        },
        "openbookqa": {
            "acc": 0.34,
            "acc_stderr": 0.021206117013673066,
            "acc_norm": 0.454,
            "acc_norm_stderr": 0.02228814759117695
        },
        "arc_easy": {
            "acc": 0.7483164983164983,
            "acc_stderr": 0.008905088235948768,
            "acc_norm": 0.7117003367003367,
            "acc_norm_stderr": 0.009294774252029625
        },
        "boolq": {
            "acc": 0.7828746177370031,
            "acc_stderr": 0.007210974239098775
        },
        "logiqa": {
            "acc": 0.23963133640552994,
            "acc_stderr": 0.016742766935101423,
            "acc_norm": 0.2995391705069124,
            "acc_norm_stderr": 0.01796644118858794
        },
        "webqs": {
            "acc": 0.14566929133858267,
            "acc_stderr": 0.007827841991316377
        },
        "prost": {
            "acc": 0.305401366353544,
            "acc_stderr": 0.0033649266480613007,
            "acc_norm": 0.306468830059778,
            "acc_norm_stderr": 0.003368211069781756
        },
        "piqa": {
            "acc": 0.7965179542981502,
            "acc_stderr": 0.009393041784049923,
            "acc_norm": 0.8101196953210011,
            "acc_norm_stderr": 0.009150819250948716
        },
        "sciq": {
            "acc": 0.942,
            "acc_stderr": 0.007395315455792963,
            "acc_norm": 0.919,
            "acc_norm_stderr": 0.008632121032139988
        },
        "rte": {
            "acc": 0.5992779783393501,
            "acc_stderr": 0.029497229237163143
        },
        "qqp": {
            "acc": 0.479248083106604,
            "acc_stderr": 0.002484557952829062,
            "f1": 0.43518617877454663,
            "f1_stderr": 0.003218904618480992
        },
        "triviaqa": {
            "acc": 0.3497745955979846,
            "acc_stderr": 0.004483904973085589
        },
        "pubmedqa": {
            "acc": 0.704,
            "acc_stderr": 0.014442734941575025
        },
        "wic": {
            "acc": 0.5141065830721003,
            "acc_stderr": 0.01980283522800584
        },
        "winogrande": {
            "acc": 0.728492501973165,
            "acc_stderr": 0.012499326254893129
        },
        "qnli": {
            "acc": 0.538348892549881,
            "acc_stderr": 0.006745482267535849
        },
        "wnli": {
            "acc": 0.5492957746478874,
            "acc_stderr": 0.05947027187738001
        },
        "sst": {
            "acc": 0.6479357798165137,
            "acc_stderr": 0.016183328477435827
        },
        "wsc": {
            "acc": 0.5288461538461539,
            "acc_stderr": 0.04918440626354964
        },
        "race": {
            "acc": 0.4076555023923445,
            "acc_stderr": 0.015208402023513217
        }
    },
    "versions": {
        "mc_taco":0,
        "mathqa":0,
        "mutlirc":1,
        "mrpc":0,
        "arc_challenge":0,
        "copa":0,
        "lambada":0,
        "hellaswag":0,
        "openbookqa":0,
        "arc_easy":0,
        "boolq":1,
        "logiqa":0,
        "webqs": 0,
        "prost": 0,
        "piqa": 0,
        "sciq": 0,
        "rte": 0,
        "qqp": 0,
        "triviaqa": 0,
        "pubmedqa": 0,
        "wic": 0,
        "winogrande": 0,
        "qnli": 0,
        "wnli": 1,
        "sst": 0,
        "wsc": 0,
        "race": 1
    }
}